422ee50929552e4c2f89bb5b2dc99974	WRMC.user.js
3220e9cc6089c9108117a277d97257f7	crack-mobile-utility.user.js
d1268f9a1c73ab876e5c398d7aab018b	OutputModelFilter.user.js
aaf84327b4b4e8840b68c4c2846ebd29	chattrash.user.js
e62b51ec1c94e2e0c50388f7dd592b36	DraftPreviewer.user.js
0131998e50ef7e998b78d61aa0121ab7	RankingCleaner.user.js
7a3cfea04d68525f1cdc6ccfe00e5665	AnswerCost.user.js
4965cf5e74f2931d26519a93daa5c30a	ComposerExpander.user.js
1e394f7e9ced431b1225a881d01645ad	InputCounter.user.js
15d02dc45fe3ea2fd5396f774ca42a04	ELR.user.js
ef141cc873845eac8005dbfc27ae6653	PasteLinebreakFix.user.js
173783fbe395a65ec40dffeef73cfcb3	LogShift.user.js
01231d2eda953bc3ab9847c42fb1a75d	AutoCorrect.user.js
91d5a18d60dd24b1d33fc413d007f787	AICompanion.user.js
5a0487068e10d9e32030a7d644efd354	CSP.user.js
4507201950fc6384d2e06be8002bf75f	CSPM.user.js
4391ea2abe3340aa838c832ffb27fe58	GeneratedImageBackground.user.js
ec8db5ac1369e738dfbe7c7fc450abdc	ImageBackground.user.js
e7370c75740314a4a34e4c1d2d4ed9d2	INFOGameHUD.user.js
4a9b682d5f64cd0e9ca76f5f5a85f6c5	ChatListTuner.user.js
a49d437d7d0e12df1cd17c507c78992e	AIChatRadar.user.js
e68afc01c22bc0e734b586244086714c	AmbientWeatherFX.user.js
a6a3d92093deae554af123e9fdf68883	MuseWriter.user.js
4ae1c7902ab15f5fce867bbf8b8ecae3	COA.user.js
053f8b2ad509e4177fac5b2abd5d8db7	Dashboard.user.js
d40ec765dc822b96a8d4b93342a264f4	Radiosonde.user.js
e7e877f9f627e937d235aac821f920da	crack-chat-template.user.js
b608d489ad75f0531720932e46736bfe	crack_memo.user.js
2f91496652989d522646b89b1a88227d	CrackMobileTextWrapFix.user.js
fb6c1a4d26459a00ca1852eb62aae6c4	RerollMixer.user.js
b13ba3e1039a8cf4765566b10f8cfb8a	CrackBadge.user.js
7dc388369fb4bb7033501ac307070fee	EditTextClickReplacer.user.js
7e0f818e9e5d3bf2950d2d1c279b1891	likes-library.user.js
efa19fd1c79283d5d3dd5d3f3aa13152	ModelStats.user.js
f05dd2d97fcd5d040534f9c104b6908d	ImageLibraryNativeLazyLoadFix.user.js
