422ee50929552e4c2f89bb5b2dc99974	WRMC.user.js	55b4b58807c411c29c48b2b6e70d8161e07deb0f
3220e9cc6089c9108117a277d97257f7	crack-mobile-utility.user.js	3826e9bbde2a7464d08a7fad7d8c8968f961bf0e
d1268f9a1c73ab876e5c398d7aab018b	OutputModelFilter.user.js	573e3277119fdd42ef1e36c950225eba09389496
aaf84327b4b4e8840b68c4c2846ebd29	chattrash.user.js	557ca5997f6363231a390d56744ff2359dd655e8
e62b51ec1c94e2e0c50388f7dd592b36	DraftPreviewer.user.js	0202b2fae5c060562fb91701e484177e2fa2c26e
0131998e50ef7e998b78d61aa0121ab7	RankingCleaner.user.js	8455726a722e748c60d3fe8a77b30f10bc263552
7a3cfea04d68525f1cdc6ccfe00e5665	AnswerCost.user.js	113cb4e2d9d2009383301d7604affffa2d118c9d
4965cf5e74f2931d26519a93daa5c30a	ComposerExpander.user.js	bb40280df8796f7d115e611c9b1b8736d8993bac
1e394f7e9ced431b1225a881d01645ad	InputCounter.user.js	5442d1bbf43e2bd4c0495daee7e40e561611d914
15d02dc45fe3ea2fd5396f774ca42a04	ELR.user.js	5ba3b1f4404b4cddbbca3e2219265d6694ebad01
ef141cc873845eac8005dbfc27ae6653	PasteLinebreakFix.user.js	a4cd6eb95d7f98b95f10a6b238ad6375da503b71
173783fbe395a65ec40dffeef73cfcb3	LogShift.user.js	0ce688229a5f0bd70d46d698b5ebe7190ca298a4
01231d2eda953bc3ab9847c42fb1a75d	AutoCorrect.user.js	1b8fbfe05365a4639c21ced15e4818e902f0a0d6
91d5a18d60dd24b1d33fc413d007f787	AICompanion.user.js	0e39776727802f6637583e8cee13a5a30e49e83d
5a0487068e10d9e32030a7d644efd354	CSP.user.js	5e09322b6c6f31216776175b466d84e616654758
4507201950fc6384d2e06be8002bf75f	CSPM.user.js	72b845c6c24d5151c742db3fa4b3ac95a011aa3a
4391ea2abe3340aa838c832ffb27fe58	GeneratedImageBackground.user.js	8f20472ad422585b51ceb94404540c86b26456b3
ec8db5ac1369e738dfbe7c7fc450abdc	ImageBackground.user.js	960753ce0800a9c1edf526491cf890b19542a070
e7370c75740314a4a34e4c1d2d4ed9d2	INFOGameHUD.user.js	89a7119ec29b002e00ff9d27e7bcc64ca81234c2
4a9b682d5f64cd0e9ca76f5f5a85f6c5	ChatListTuner.user.js	b570569e16e4ae6234793e8d64a20cf4395d3cc6
a49d437d7d0e12df1cd17c507c78992e	AIChatRadar.user.js	8b5784eac33b68babf954f3a46d1450ac34ee1fb
e68afc01c22bc0e734b586244086714c	AmbientWeatherFX.user.js	56511d9f7c86c4b8177e1ddacf8114b5e2ed89d1
a6a3d92093deae554af123e9fdf68883	MuseWriter.user.js	d4d8cca7da39cd6943f92ad061740f2ffb63ff02
4ae1c7902ab15f5fce867bbf8b8ecae3	COA.user.js	38094cd5aa92ff687c08ffa77db853b627749fd2
053f8b2ad509e4177fac5b2abd5d8db7	Dashboard.user.js	e5e14d4dc9122fd3300b76f1fcdd0e5f75af2331
d40ec765dc822b96a8d4b93342a264f4	Radiosonde.user.js	9ad2b4cc7d1e3937285953d3f06079de359d0c78
e7e877f9f627e937d235aac821f920da	crack-chat-template.user.js	ccc3825523a5bbe67bc8c6ff80bd0d474d665435
b608d489ad75f0531720932e46736bfe	crack_memo.user.js	08bd1e0364773e36a22761566edfdf523588e92a
2f91496652989d522646b89b1a88227d	CrackMobileTextWrapFix.user.js	ef960c4935cc352ba17c1277a6fd5701a065d8cf
fb6c1a4d26459a00ca1852eb62aae6c4	RerollMixer.user.js	287d38362b4677429197e901b61b83a4792315a8
b13ba3e1039a8cf4765566b10f8cfb8a	CrackBadge.user.js	d8af97e4895aee5417f80daf1387ff513fa20fca
7dc388369fb4bb7033501ac307070fee	EditTextClickReplacer.user.js	e5de03c1a557487fb12d72d1142fbb3fbde7f321
7e0f818e9e5d3bf2950d2d1c279b1891	likes-library.user.js	12547b8dc09e7e54d00aa7905f294a78e5b7f874
efa19fd1c79283d5d3dd5d3f3aa13152	ModelStats.user.js	4e5f6c20a818683cdfe51bad49b1cc6fb58678c1
f05dd2d97fcd5d040534f9c104b6908d	ImageLibraryNativeLazyLoadFix.user.js	fe995f5cd8d01da6c0c1cac55c72326c1bb6e9c9
